<?xml version="1.0" encoding="UTF-8"?>
<LightningComponentBundle xmlns="http://soap.sforce.com/2006/04/metadata">
    <apiVersion>55.0</apiVersion>
    <isExposed>true</isExposed>
    <targets>
        <target>lightning__FlowScreen</target>
    </targets>
    <targetConfigs>
        <targetConfig targets='lightning__FlowScreen'>
            <propertyType name='PT' extends='SObject' label='Select a sObject' description='Select a sObject'/>
            <property name='records' type='{PT[]}' label='Records' description='Record List Variable'/>
            
            <property name="listWithRecordUpdate" type="{PT[]}" label="ListOrderLineItems" description="getStatusCode" role="outputOnly"/>
        </targetConfig>
    </targetConfigs>
</LightningComponentBundle>