<?xml version="1.0" encoding="UTF-8"?>
<LightningComponentBundle xmlns="http://soap.sforce.com/2006/04/metadata">
  <apiVersion>60.0</apiVersion>
  <isExposed>true</isExposed>
  <targets>
    <target>lightning__RecordAction</target>
  </targets>
  <targetConfigs>
    <targetConfig targets="lightning__RecordAction">
      <actionType>Action</actionType>
      <objects>
        <object>Order__c</object>
      </objects>
    </targetConfig>
  </targetConfigs>
</LightningComponentBundle>