<?xml version="1.0" encoding="UTF-8"?>
<LightningComponentBundle xmlns="http://soap.sforce.com/2006/04/metadata">
    <apiVersion>55.0</apiVersion>
    <isExposed>true</isExposed>
    <targets>
        <target>lightning__FlowScreen</target>
    </targets>
    <targetConfigs>
        <targetConfig targets="lightning__FlowScreen">
            <propertyType name='LS' extends='SObject' label='Select a Object' description='Select a Object'/>   
            <property name="getRecordList" type="{LS[]}" label="List Line item Record To Send" description="getRecordList" role="inputOnly"/>
            <propertyType name='LS2' extends='SObject' label='Select a Object' description='Select a Object'/>   
            <property name="currentRecord" type="{LS2}" label="Record Order To Send" description="currentRecord" role="inputOnly"/>
            <property name="returnStatusCode" type="String" label="Status Code" description="getStatusCode" role="outputOnly"/>
        </targetConfig>
    </targetConfigs>
</LightningComponentBundle>